{"total": [11.172204971313477, 11.068305969238281, 11.028329849243164, 11.02746868133545, 11.00256061553955, 11.010451316833496, 11.005877494812012, 11.007464408874512, 10.999336242675781, 10.998595237731934, 11.00374984741211, 10.994455337524414, 10.9989595413208, 11.00390625, 10.987456321716309, 10.99205207824707, 10.999262809753418, 10.996845245361328, 10.99937629699707, 10.998517990112305], "kl": [0.0063635604456067085, 0.0055627073161304, 0.0008674073033034801, 4.917335172649473e-05, 1.671599966357462e-05, 8.435759809799492e-06, 1.0058279258373659e-05, 6.052973276382545e-06, 1.5443733900610823e-06, 5.663605001648975e-11, 8.757925495928021e-10, 8.918434701854494e-08, 1.0279473106056258e-10, 0.0, 0.0, 0.0, 0.0, 0.0, 0.0, 0.0], "rec": [11.165844917297363, 11.062739372253418, 11.027461051940918, 11.027420997619629, 11.002547264099121, 11.010445594787598, 11.005871772766113, 11.007458686828613, 10.999334335327148, 10.998595237731934, 11.00374984741211, 10.994455337524414, 10.9989595413208, 11.00390625, 10.987456321716309, 10.99205207824707, 10.999262809753418, 10.996845245361328, 10.99937629699707, 10.998517990112305]}