{"total": [113524720.0, 2332234.75, 2330557.5, 2264602.25, 2349847.0, 2320435.0, 2265113.75, 2237774.75, 2300595.75, 2232161.75, 2190210.25, 2235351.75, 2231907.75, 2197625.25, 2222250.0, 2212020.75, 10037584.0, 2238572.0, 2224701.5, 2235175.0, 3.805728631350041e+25, 2207462.75, 2313585.5, 2236009.25, 2271565.5, 2290450.5, 2220852.0, 2256572.25, 2241084.5, 2205644.25, 2199328.5, 2220126.25, 2181057.0, 2276297.75, 2216460.75, 2202462.5, 2215942.0, 2251474.25, 2161761.0, 2259736.75, 2245804.75, 2175485.75, 2199700.75, 2230633.25, 2240283.0, 2242179.75, 2154062.75, 2119391.5, 2235710.5, 2216051.75, 2172916.25, 2201716.75, 2199410.5, 2142871.5, 2223310.25, 2171373.75, 2253632.5, 2137370.5, 2160888.5, 2190257.0, 2173340.75, 2153468.75, 2183763.0, 2163834.25, 2208839.0, 2167398.25, 2181599.5, 2138708.5, 2135679.0, 2138215.5, 2184456.75, 2211900.75, 2157945.5, 2208422.75, 2200516.25, 2178781.75, 2172374.25, 2171253.5, 2104269.75, 2175250.5, 2134105.75, 2107780.25, 2142817.25, 2104048.0, 2136248.0, 2143241.25, 2119311.0, 2187719.0, 2073443.0, 2116390.25, 2172627.5, 2127547.5, 2119863.75, 2105674.25, 2127293.0, 2193708.75, 2135307.0, 2183684.5, 2162644.25, 2124594.0], "kl": [100853176.0, 2.624911308288574, 0.4032641649246216, 0.2562538683414459, 0.211481511592865, 0.21646727621555328, 0.16840578615665436, 0.14713437855243683, 0.12350957095623016, 0.10187529027462006, 0.10729047656059265, 0.0908767580986023, 0.074656181037426, 0.07271677255630493, 0.03152737021446228, 0.012703994289040565, 5784911.0, 37.41992950439453, 29.70431900024414, 25.73694610595703, 3.8056488491819223e+25, 0.0, 0.0, 0.0, 0.0, 0.0, 0.0, 0.0, 0.0, 0.0, 0.0, 0.0, 0.0, 0.0, 0.0, 0.0, 0.0, 0.0, 0.0, 0.0, 0.0, 0.0, 0.0, 0.0, 0.0, 0.0, 0.0, 0.0, 0.0, 0.0, 0.0, 0.0, 0.0, 0.0, 0.0, 0.0, 0.0, 0.0, 0.0, 0.0, 0.0, 0.0, 0.0, 0.0, 0.0, 0.0, 0.0, 0.0, 0.0, 0.0, 0.0, 0.0, 0.0, 0.0, 0.0, 0.0, 0.0, 0.0, 0.0, 0.0, 0.0, 0.0, 0.0, 0.0, 0.0, 0.0, 0.0, 0.0, 0.0, 0.0, 0.0, 0.0, 0.0, 0.0, 0.0, 0.0, 0.0, 0.0, 0.0, 0.0], "rec": [12671595.0, 2332232.25, 2330557.0, 2264602.0, 2349847.0, 2320434.75, 2265113.5, 2237774.75, 2300595.75, 2232161.75, 2190209.75, 2235351.5, 2231907.75, 2197625.0, 2222250.0, 2212020.75, 4252676.5, 2238534.75, 2224672.0, 2235150.5, 7.971528262745294e+20, 2207462.75, 2313585.5, 2236009.25, 2271565.5, 2290450.5, 2220852.0, 2256572.25, 2241084.5, 2205644.25, 2199328.5, 2220126.25, 2181057.0, 2276297.75, 2216460.75, 2202462.5, 2215942.0, 2251474.25, 2161761.0, 2259736.75, 2245804.75, 2175485.75, 2199700.75, 2230633.25, 2240283.0, 2242179.75, 2154062.75, 2119391.5, 2235710.5, 2216051.75, 2172916.25, 2201716.75, 2199410.5, 2142871.5, 2223310.25, 2171373.75, 2253632.5, 2137370.5, 2160888.5, 2190257.0, 2173340.75, 2153468.75, 2183763.0, 2163834.25, 2208839.0, 2167398.25, 2181599.5, 2138708.5, 2135679.0, 2138215.5, 2184456.75, 2211900.75, 2157945.5, 2208422.75, 2200516.25, 2178781.75, 2172374.25, 2171253.5, 2104269.75, 2175250.5, 2134105.75, 2107780.25, 2142817.25, 2104048.0, 2136248.0, 2143241.25, 2119311.0, 2187719.0, 2073443.0, 2116390.25, 2172627.5, 2127547.5, 2119863.75, 2105674.25, 2127293.0, 2193708.75, 2135307.0, 2183684.5, 2162644.25, 2124594.0]}