{"total": [11689184256.0, 2369348.25, 2299787.75, 2292656.0, 2288835.5, 2233834.25, 2310104.25, 2249588.25, 2190157.5, 1568800.25, 2382897.5, 1343229.375, 730241.125, 593530.6875, 275238.59375, 121964.296875, 130419.7421875, 118786.3984375, 118866.6875, 121549.546875, 119316.1875, 109736.484375, 114692.3671875, 110956.1875, 107326.8515625, 110079.296875, 111269.1875, 116908.5546875, 106008.296875, 105715.8984375, 102103.9296875, 114821.8046875, 109729.828125, 100430.59375, 100388.6015625, 107075.421875, 101131.9453125, 101445.5546875, 91513.8359375, 92772.6015625, 89146.25, 95653.5703125, 93227.3671875, 93991.46875, 88230.4296875, 94035.5703125, 92085.2265625, 90897.9921875, 82544.328125, 88731.8203125, 82731.515625, 85074.5859375, 80018.796875, 83970.7109375, 88810.6171875, 89906.546875, 86524.0078125, 84280.75, 87416.6484375, 87795.0859375, 82563.28125, 85996.015625, 83265.1640625, 86296.921875, 87550.703125, 77993.5078125, 85749.78125, 86305.796875, 78652.8359375, 80103.046875, 80265.796875, 77956.2421875, 77806.5625, 82631.6328125, 84053.0234375, 85425.1640625, 81487.953125, 85067.9140625, 82662.5, 83014.453125, 84899.015625, 84775.3671875, 83646.640625, 82520.640625, 76529.28125, 83705.1796875, 78481.34375, 79294.8984375, 80894.40625, 83009.1015625, 80891.9609375, 81838.78125, 78640.2265625, 73824.7890625, 80780.9921875, 81458.2578125, 72075.9609375, 75841.5859375, 74448.984375, 78572.515625], "kl": [11684127744.0, 3.766543886740692e-05, 1.6346593838534318e-06, 1.594001514604315e-05, 3.652426676126197e-05, 0.0, 0.0, 0.0, 0.0, 0.0, 1480.2286376953125, 395.86273193359375, 209.77642822265625, 209.65936279296875, 205.43487548828125, 252.19895935058594, 285.78533935546875, 319.7767028808594, 374.3406066894531, 382.0683898925781, 395.8069763183594, 479.0968017578125, 487.753173828125, 514.1882934570312, 528.3034057617188, 524.9827880859375, 579.9632568359375, 631.700927734375, 612.0857543945312, 654.0584106445312, 634.1799926757812, 654.6583251953125, 659.0130615234375, 700.429443359375, 706.298095703125, 775.542236328125, 749.6846923828125, 826.1341552734375, 831.861083984375, 982.5533447265625, 980.16650390625, 1024.9462890625, 1045.472412109375, 963.8013916015625, 1020.6630249023438, 1137.18359375, 1066.3375244140625, 1072.5423583984375, 1096.541748046875, 1130.7451171875, 1073.0706787109375, 1138.3927001953125, 1159.2647705078125, 1112.6702880859375, 1126.2969970703125, 1144.924560546875, 1089.508544921875, 1126.5948486328125, 1011.07763671875, 1122.478515625, 1119.4755859375, 1089.7354736328125, 1021.9401245117188, 1122.82373046875, 1034.251708984375, 1081.00390625, 1054.9722900390625, 1017.447265625, 1006.3304443359375, 992.1494750976562, 1042.8131103515625, 1046.470947265625, 951.7094116210938, 1019.2056274414062, 1012.7002563476562, 915.7147216796875, 1007.0075073242188, 917.2721557617188, 885.1878051757812, 940.0864868164062, 863.8909912109375, 868.6220092773438, 867.4473266601562, 862.7960815429688, 809.6883544921875, 969.0559692382812, 841.4479370117188, 804.2738037109375, 840.6697387695312, 828.9878540039062, 748.2318725585938, 767.732421875, 767.7551879882812, 810.3157958984375, 808.3766479492188, 747.42333984375, 676.1150512695312, 765.390380859375, 646.4755249023438, 750.3534545898438], "rec": [5061774.0, 2369348.25, 2299787.75, 2292656.0, 2288835.5, 2233834.25, 2310104.25, 2249588.25, 2190157.5, 1568800.25, 2381417.0, 1342833.5, 730031.25, 593321.0625, 275033.125, 121712.0703125, 130133.9375, 118466.65625, 118492.34375, 121167.5078125, 118920.3203125, 109257.359375, 114204.6171875, 110441.953125, 106798.5703125, 109554.3125, 110689.2109375, 116276.890625, 105396.171875, 105061.828125, 101469.7734375, 114167.2109375, 109070.7890625, 99730.21875, 99682.3359375, 106299.8671875, 100382.2265625, 100619.4609375, 90681.9765625, 91790.0546875, 88166.0703125, 94628.6640625, 92181.8984375, 93027.6640625, 87209.7421875, 92898.3984375, 91018.8671875, 89825.453125, 81447.765625, 87601.0703125, 81658.4296875, 83936.234375, 78859.515625, 82857.9921875, 87684.3203125, 88761.6640625, 85434.5, 83154.1640625, 86405.53125, 86672.6015625, 81443.78125, 84906.265625, 82243.2265625, 85174.09375, 86516.40625, 76912.484375, 84694.78125, 85288.3203125, 77646.4921875, 79110.8984375, 79222.984375, 76909.7734375, 76854.8671875, 81612.4296875, 83040.3046875, 84509.4375, 80480.953125, 84150.6328125, 81777.34375, 82074.390625, 84035.1015625, 83906.6953125, 82779.171875, 81657.78125, 75719.5703125, 82736.109375, 77639.875, 78490.6015625, 80053.75, 82180.1015625, 80143.78125, 81071.0390625, 77872.4609375, 73014.4609375, 79972.6015625, 80710.8671875, 71399.8359375, 75076.1875, 73802.5, 77822.140625]}